序号,分类,官方检测名称,中文名称,检测主体,比较范围,核心特征或条件,检测机制,主要数据源/CIM,安全意义,公开实现边界
1,网络流量与数据传输异常,UEBA - Unusual Volume of Outgoing Connections per Device by Company - Rule,出站连接数量异常（设备，公司同伴组）,设备,公司同伴组,出站连接数,统计基线,防火墙/Suricata/网络流；Network_Traffic,发现失陷主机外联、扫描或异常通信扩张,名称与产品机制可核验；具体 SPL、窗口、阈值和权重未公开
2,网络流量与数据传输异常,UEBA - Unusual Volume of Outgoing Connections per Device by Business Unit - Rule,出站连接数量异常（设备，业务单元同伴组）,设备,业务单元同伴组,出站连接数,统计基线,防火墙/Suricata/网络流；Network_Traffic,发现失陷主机外联、扫描或异常通信扩张,名称与产品机制可核验；具体 SPL、窗口、阈值和权重未公开
3,网络流量与数据传输异常,UEBA - Unusual Volume of Outgoing Connections per Device - Rule,出站连接数量异常（设备）,设备,实体个人历史/规则范围,出站连接数,统计基线,防火墙/Suricata/网络流；Network_Traffic,发现失陷主机外联、扫描或异常通信扩张,名称与产品机制可核验；具体 SPL、窗口、阈值和权重未公开
4,网络流量与数据传输异常,UEBA - Unusual Volume of Outgoing Connections Per User By Company - Rule,出站连接数量异常（用户，公司同伴组）,用户,公司同伴组,出站连接数,统计基线,防火墙/Suricata/网络流；Network_Traffic,发现失陷主机外联、扫描或异常通信扩张,名称与产品机制可核验；具体 SPL、窗口、阈值和权重未公开
5,网络流量与数据传输异常,UEBA - Unusual Volume of Outgoing Connections Per User By Business Unit - Rule,出站连接数量异常（用户，业务单元同伴组）,用户,业务单元同伴组,出站连接数,统计基线,防火墙/Suricata/网络流；Network_Traffic,发现失陷主机外联、扫描或异常通信扩张,名称与产品机制可核验；具体 SPL、窗口、阈值和权重未公开
6,网络流量与数据传输异常,UEBA - Unusual Volume of Outgoing Connections Per User - Rule,出站连接数量异常（用户）,用户,实体个人历史/规则范围,出站连接数,统计基线,防火墙/Suricata/网络流；Network_Traffic,发现失陷主机外联、扫描或异常通信扩张,名称与产品机制可核验；具体 SPL、窗口、阈值和权重未公开
7,网络流量与数据传输异常,UEBA - Unusual Volume of Data Uploaded per User by Company - Rule,上传数据量异常（用户，公司同伴组）,用户,公司同伴组,上传字节数,统计基线,防火墙/Suricata/网络流；Network_Traffic,发现异常上传和潜在数据外泄,名称与产品机制可核验；具体 SPL、窗口、阈值和权重未公开
8,网络流量与数据传输异常,UEBA - Unusual Volume of Data Uploaded per User - Rule,上传数据量异常（用户）,用户,实体个人历史/规则范围,上传字节数,统计基线,防火墙/Suricata/网络流；Network_Traffic,发现异常上传和潜在数据外泄,名称与产品机制可核验；具体 SPL、窗口、阈值和权重未公开
9,网络流量与数据传输异常,UEBA - Unusual Volume of Data Uploaded per Device by Company - Rule,上传数据量异常（设备，公司同伴组）,设备,公司同伴组,上传字节数,统计基线,防火墙/Suricata/网络流；Network_Traffic,发现异常上传和潜在数据外泄,名称与产品机制可核验；具体 SPL、窗口、阈值和权重未公开
10,网络流量与数据传输异常,UEBA - Unusual Volume of Data Uploaded per Device by Business Unit - Rule,上传数据量异常（设备，业务单元同伴组）,设备,业务单元同伴组,上传字节数,统计基线,防火墙/Suricata/网络流；Network_Traffic,发现异常上传和潜在数据外泄,名称与产品机制可核验；具体 SPL、窗口、阈值和权重未公开
11,网络流量与数据传输异常,UEBA - Unusual Volume of Data Uploaded per Device - Rule,上传数据量异常（设备）,设备,实体个人历史/规则范围,上传字节数,统计基线,防火墙/Suricata/网络流；Network_Traffic,发现异常上传和潜在数据外泄,名称与产品机制可核验；具体 SPL、窗口、阈值和权重未公开
12,网络流量与数据传输异常,UEBA - Unusual Volume of Data Uploaded To DMZ Devices Per User By Company - Rule,向 DMZ 设备上传数据量异常（用户，公司同伴组）,用户,公司同伴组,上传至 DMZ 的字节数,统计基线,防火墙/Suricata/网络流；Network_Traffic,发现向 DMZ 异常落地或中转数据,名称与产品机制可核验；具体 SPL、窗口、阈值和权重未公开
13,网络流量与数据传输异常,UEBA - Unusual Volume of Data Uploaded To DMZ Devices Per User By Business Unit - Rule,向 DMZ 设备上传数据量异常（用户，业务单元同伴组）,用户,业务单元同伴组,上传至 DMZ 的字节数,统计基线,防火墙/Suricata/网络流；Network_Traffic,发现向 DMZ 异常落地或中转数据,名称与产品机制可核验；具体 SPL、窗口、阈值和权重未公开
14,网络流量与数据传输异常,UEBA - Unusual Volume of Data Uploaded To DMZ Devices Per User - Rule,向 DMZ 设备上传数据量异常（用户）,用户,实体个人历史/规则范围,上传至 DMZ 的字节数,统计基线,防火墙/Suricata/网络流；Network_Traffic,发现向 DMZ 异常落地或中转数据,名称与产品机制可核验；具体 SPL、窗口、阈值和权重未公开
15,网络流量与数据传输异常,UEBA - Unusual Volume of Data Downloaded per User by Company - Rule,下载数据量异常（用户，公司同伴组）,用户,公司同伴组,下载字节数,统计基线,防火墙/Suricata/网络流；Network_Traffic,发现批量取数或数据收集,名称与产品机制可核验；具体 SPL、窗口、阈值和权重未公开
16,网络流量与数据传输异常,UEBA - Unusual Volume of Data Downloaded per User - Rule,下载数据量异常（用户）,用户,实体个人历史/规则范围,下载字节数,统计基线,防火墙/Suricata/网络流；Network_Traffic,发现批量取数或数据收集,名称与产品机制可核验；具体 SPL、窗口、阈值和权重未公开
17,网络流量与数据传输异常,UEBA - Unusual Volume of Data Downloaded per Device by Company - Rule,下载数据量异常（设备，公司同伴组）,设备,公司同伴组,下载字节数,统计基线,防火墙/Suricata/网络流；Network_Traffic,发现批量取数或数据收集,名称与产品机制可核验；具体 SPL、窗口、阈值和权重未公开
18,网络流量与数据传输异常,UEBA - Unusual Volume of Data Downloaded per Device by Business Unit - Rule,下载数据量异常（设备，业务单元同伴组）,设备,业务单元同伴组,下载字节数,统计基线,防火墙/Suricata/网络流；Network_Traffic,发现批量取数或数据收集,名称与产品机制可核验；具体 SPL、窗口、阈值和权重未公开
19,网络流量与数据传输异常,UEBA - Unusual Volume of Data Downloaded per Device - Rule,下载数据量异常（设备）,设备,实体个人历史/规则范围,下载字节数,统计基线,防火墙/Suricata/网络流；Network_Traffic,发现批量取数或数据收集,名称与产品机制可核验；具体 SPL、窗口、阈值和权重未公开
20,网络流量与数据传输异常,UEBA - Unusual Volume of Data Bytes per Device by Company - Rule,总数据流量异常（设备，公司同伴组）,设备,公司同伴组,总传输字节数,统计基线,防火墙/Suricata/网络流；Network_Traffic,发现设备通信量突增,名称与产品机制可核验；具体 SPL、窗口、阈值和权重未公开
21,网络流量与数据传输异常,UEBA - Unusual Volume of Data Bytes per Device by Business Unit - Rule,总数据流量异常（设备，业务单元同伴组）,设备,业务单元同伴组,总传输字节数,统计基线,防火墙/Suricata/网络流；Network_Traffic,发现设备通信量突增,名称与产品机制可核验；具体 SPL、窗口、阈值和权重未公开
22,网络流量与数据传输异常,UEBA - Unusual Volume of Data Bytes per Device - Rule,总数据流量异常（设备）,设备,实体个人历史/规则范围,总传输字节数,统计基线,防火墙/Suricata/网络流；Network_Traffic,发现设备通信量突增,名称与产品机制可核验；具体 SPL、窗口、阈值和权重未公开
23,网络流量与数据传输异常,UEBA - Unusual Volume of Blocked Connections per Device by Company - Rule,被阻断连接数量异常（设备，公司同伴组）,设备,公司同伴组,被阻断连接数,统计基线,防火墙/Suricata/网络流；Network_Traffic,发现反复外联、扫描或策略违规,名称与产品机制可核验；具体 SPL、窗口、阈值和权重未公开
24,网络流量与数据传输异常,UEBA - Unusual Volume of Blocked Connections per Device by Business Unit - Rule,被阻断连接数量异常（设备，业务单元同伴组）,设备,业务单元同伴组,被阻断连接数,统计基线,防火墙/Suricata/网络流；Network_Traffic,发现反复外联、扫描或策略违规,名称与产品机制可核验；具体 SPL、窗口、阈值和权重未公开
25,网络流量与数据传输异常,UEBA - Unusual Volume of Blocked Connections per Device - Rule,被阻断连接数量异常（设备）,设备,实体个人历史/规则范围,被阻断连接数,统计基线,防火墙/Suricata/网络流；Network_Traffic,发现反复外联、扫描或策略违规,名称与产品机制可核验；具体 SPL、窗口、阈值和权重未公开
26,网络流量与数据传输异常,UEBA - Unusual Volume Of Data Uploaded Per User By Business Unit - Rule,上传数据量异常（用户，业务单元同伴组）,用户,业务单元同伴组,上传字节数,统计基线,防火墙/Suricata/网络流；Network_Traffic,发现异常上传和潜在数据外泄,名称与产品机制可核验；具体 SPL、窗口、阈值和权重未公开
27,网络流量与数据传输异常,UEBA - Unusual Volume Of Data Downloaded Per User By Business Unit - Rule,下载数据量异常（用户，业务单元同伴组）,用户,业务单元同伴组,下载字节数,统计基线,防火墙/Suricata/网络流；Network_Traffic,发现批量取数或数据收集,名称与产品机制可核验；具体 SPL、窗口、阈值和权重未公开
28,网络流量与数据传输异常,UEBA - Unusual Volume Of Data Downloaded From Internal Server Per User By Company - Rule,从内部服务器下载数据量异常（用户，公司同伴组）,用户,公司同伴组,从内部服务器下载的字节数,统计基线,防火墙/Suricata/网络流；Network_Traffic,发现内部数据的大规模读取和潜在外泄准备,名称与产品机制可核验；具体 SPL、窗口、阈值和权重未公开
29,网络流量与数据传输异常,UEBA - Unusual Volume Of Data Downloaded From Internal Server Per User By Business Unit - Rule,从内部服务器下载数据量异常（用户，业务单元同伴组）,用户,业务单元同伴组,从内部服务器下载的字节数,统计基线,防火墙/Suricata/网络流；Network_Traffic,发现内部数据的大规模读取和潜在外泄准备,名称与产品机制可核验；具体 SPL、窗口、阈值和权重未公开
30,网络流量与数据传输异常,UEBA - Unusual Volume Of Data Downloaded From Internal Server Per User - Rule,从内部服务器下载数据量异常（用户）,用户,实体个人历史/规则范围,从内部服务器下载的字节数,统计基线,防火墙/Suricata/网络流；Network_Traffic,发现内部数据的大规模读取和潜在外泄准备,名称与产品机制可核验；具体 SPL、窗口、阈值和权重未公开
31,网络流量与数据传输异常,UEBA - Unusual Volume Of Blocked Connections Per User By Company - Rule,被阻断连接数量异常（用户，公司同伴组）,用户,公司同伴组,被阻断连接数,统计基线,防火墙/Suricata/网络流；Network_Traffic,发现反复外联、扫描或策略违规,名称与产品机制可核验；具体 SPL、窗口、阈值和权重未公开
32,网络流量与数据传输异常,UEBA - Unusual Volume Of Blocked Connections Per User By Business Unit - Rule,被阻断连接数量异常（用户，业务单元同伴组）,用户,业务单元同伴组,被阻断连接数,统计基线,防火墙/Suricata/网络流；Network_Traffic,发现反复外联、扫描或策略违规,名称与产品机制可核验；具体 SPL、窗口、阈值和权重未公开
33,网络流量与数据传输异常,UEBA - Unusual Volume Of Blocked Connections Per User - Rule,被阻断连接数量异常（用户）,用户,实体个人历史/规则范围,被阻断连接数,统计基线,防火墙/Suricata/网络流；Network_Traffic,发现反复外联、扫描或策略违规,名称与产品机制可核验；具体 SPL、窗口、阈值和权重未公开
34,网络流量与数据传输异常,UEBA - Unauthorized Activity Time - Rule,非授权时段活动,用户或设备,实体历史及规则范围,授权/历史活动时段,规则与时间基线,认证/网络活动；Authentication、Network_Traffic,发现非授权时段的异常活动,名称与产品机制可核验；具体 SPL、窗口、阈值和权重未公开
35,认证与登录行为异常,UEBA - Unusual Volume Success Logins To Computer By Company - Rule,计算机成功登录量异常（计算机，公司同伴组）,计算机/设备,公司同伴组,目标计算机成功登录次数,统计基线,Windows Security；Authentication,发现主机被大量登录或成为横向移动落点,名称与产品机制可核验；具体 SPL、窗口、阈值和权重未公开
36,认证与登录行为异常,UEBA - Unusual Volume Success Logins To Computer By Business Unit - Rule,计算机成功登录量异常（计算机，业务单元同伴组）,计算机/设备,业务单元同伴组,目标计算机成功登录次数,统计基线,Windows Security；Authentication,发现主机被大量登录或成为横向移动落点,名称与产品机制可核验；具体 SPL、窗口、阈值和权重未公开
37,认证与登录行为异常,UEBA - Unusual Volume Success Logins To Computer - Rule,计算机成功登录量异常（计算机）,计算机/设备,实体个人历史/规则范围,目标计算机成功登录次数,统计基线,Windows Security；Authentication,发现主机被大量登录或成为横向移动落点,名称与产品机制可核验；具体 SPL、窗口、阈值和权重未公开
38,认证与登录行为异常,UEBA - Unusual Volume Success Login Per User by Company - Rule,用户成功登录量异常,用户,公司同伴组,用户成功登录次数,统计基线,Windows Security；Authentication,发现账号滥用或异常并发登录,名称与产品机制可核验；具体 SPL、窗口、阈值和权重未公开
39,认证与登录行为异常,UEBA - Unusual Volume Success Login Per User by Business Unit - Rule,用户成功登录量异常,用户,业务单元同伴组,用户成功登录次数,统计基线,Windows Security；Authentication,发现账号滥用或异常并发登录,名称与产品机制可核验；具体 SPL、窗口、阈值和权重未公开
40,认证与登录行为异常,UEBA - Unusual Volume Success Login Per User - Rule,用户成功登录量异常（用户）,用户,实体个人历史/规则范围,用户成功登录次数,统计基线,Windows Security；Authentication,发现账号滥用或异常并发登录,名称与产品机制可核验；具体 SPL、窗口、阈值和权重未公开
41,认证与登录行为异常,UEBA - Unusual Volume Login Type Per User by Company - Rule,特定登录类型使用量异常,用户,公司同伴组,按登录类型统计的次数,统计基线,Windows Security；Authentication,发现 RDP、网络登录等方式异常增加,名称与产品机制可核验；具体 SPL、窗口、阈值和权重未公开
42,认证与登录行为异常,UEBA - Unusual Volume Login Type Per User by Business Unit - Rule,特定登录类型使用量异常,用户,业务单元同伴组,按登录类型统计的次数,统计基线,Windows Security；Authentication,发现 RDP、网络登录等方式异常增加,名称与产品机制可核验；具体 SPL、窗口、阈值和权重未公开
43,认证与登录行为异常,UEBA - Unusual Volume Login Type Per User - Rule,特定登录类型使用量异常（用户）,用户,实体个人历史/规则范围,按登录类型统计的次数,统计基线,Windows Security；Authentication,发现 RDP、网络登录等方式异常增加,名称与产品机制可核验；具体 SPL、窗口、阈值和权重未公开
44,认证与登录行为异常,UEBA - Unusual Unlock Time Per User By Company - Rule,用户解锁时间异常（用户，公司同伴组）,用户,公司同伴组,解锁发生时段,时间基线,Windows Security；Authentication,发现非惯常时段的会话解锁,名称与产品机制可核验；具体 SPL、窗口、阈值和权重未公开
45,认证与登录行为异常,UEBA - Unusual Unlock Time Per User - Rule,用户解锁时间异常（用户）,用户,实体个人历史/规则范围,解锁发生时段,时间基线,Windows Security；Authentication,发现非惯常时段的会话解锁,名称与产品机制可核验；具体 SPL、窗口、阈值和权重未公开
46,认证与登录行为异常,UEBA - Unusual Login Time Per User By Company - Rule,用户登录时间异常（用户，公司同伴组）,用户,公司同伴组,登录发生时段,时间基线,Windows Security；Authentication,发现非惯常时段登录,名称与产品机制可核验；具体 SPL、窗口、阈值和权重未公开
47,认证与登录行为异常,UEBA - Unusual Login Time Per User - Rule,用户登录时间异常（用户）,用户,实体个人历史/规则范围,登录发生时段,时间基线,Windows Security；Authentication,发现非惯常时段登录,名称与产品机制可核验；具体 SPL、窗口、阈值和权重未公开
48,认证与登录行为异常,UEBA - Unauthorized Machine Login - Rule,登录未授权计算机,用户,固定规则/关联范围,用户与目标设备关系,授权/稀有关系,Windows 登录；Authentication,发现账号登录非授权或历史罕见设备,名称与产品机制可核验；具体 SPL、窗口、阈值和权重未公开
49,认证与登录行为异常,UEBA - Unauthorized Login Type - Rule,使用未授权登录类型,用户,固定规则/关联范围,登录类型,授权/稀有关系,Windows 登录；Authentication,发现异常使用 RDP、网络登录等方式,名称与产品机制可核验；具体 SPL、窗口、阈值和权重未公开
50,认证与登录行为异常,UEBA - Rare Windows User Login By Device - Rule,Windows 设备上的登录用户罕见（设备）,设备,实体个人历史/规则范围,设备上的用户特征稀有度,稀有度模型,Windows Security；Authentication,发现陌生用户登录设备,名称与产品机制可核验；具体 SPL、窗口、阈值和权重未公开
51,认证与登录行为异常,UEBA - Rare Windows Logon Type By User - Rule,Windows 登录类型罕见（用户）,用户,实体个人历史/规则范围,登录类型稀有度,稀有度模型,Windows Security；Authentication,发现异常登录方式,名称与产品机制可核验；具体 SPL、窗口、阈值和权重未公开
52,认证与登录行为异常,UEBA - Rare Windows Logon Type By Device - Rule,Windows 登录类型罕见（设备）,设备,实体个人历史/规则范围,登录类型稀有度,稀有度模型,Windows Security；Authentication,发现异常登录方式,名称与产品机制可核验；具体 SPL、窗口、阈值和权重未公开
53,认证与登录行为异常,UEBA - Rare Windows Logon Process By User And Device - Rule,Windows 登录进程罕见（用户与设备）,用户,实体个人历史/规则范围,登录进程稀有度,稀有度模型,Windows Security；Authentication,发现异常认证链路或凭据滥用,名称与产品机制可核验；具体 SPL、窗口、阈值和权重未公开
54,认证与登录行为异常,UEBA - Rare Windows Logon Process By User - Rule,Windows 登录进程罕见（用户）,用户,实体个人历史/规则范围,登录进程稀有度,稀有度模型,Windows Security；Authentication,发现异常认证链路或凭据滥用,名称与产品机制可核验；具体 SPL、窗口、阈值和权重未公开
55,认证与登录行为异常,UEBA - Rare Windows Logon Process By Device - Rule,Windows 登录进程罕见（设备）,设备,实体个人历史/规则范围,登录进程稀有度,稀有度模型,Windows Security；Authentication,发现异常认证链路或凭据滥用,名称与产品机制可核验；具体 SPL、窗口、阈值和权重未公开
56,认证与登录行为异常,UEBA - Rare Windows Domain Login By User - Rule,Windows 登录域罕见（用户）,用户,实体个人历史/规则范围,登录域稀有度,稀有度模型,Windows Security；Authentication,发现跨域或异常域登录,名称与产品机制可核验；具体 SPL、窗口、阈值和权重未公开
57,认证与登录行为异常,UEBA - Rare Login Return Code By Windows User - Rule,登录返回码罕见（Windows 用户）,用户,实体个人历史/规则范围,认证返回码稀有度,稀有度模型,Windows Security；Authentication,发现异常失败原因或侦察式认证,名称与产品机制可核验；具体 SPL、窗口、阈值和权重未公开
58,认证与登录行为异常,UEBA - Rare Login Return Code By Device - Rule,登录返回码罕见（设备）,设备,实体个人历史/规则范围,认证返回码稀有度,稀有度模型,Windows Security；Authentication,发现异常失败原因或侦察式认证,名称与产品机制可核验；具体 SPL、窗口、阈值和权重未公开
59,认证与登录行为异常,UEBA - Rare Device Login By Windows User - Rule,用户登录设备罕见（Windows 用户）,用户,实体个人历史/规则范围,用户与设备组合稀有度,稀有度模型,Windows Security；Authentication,发现首次或极少访问的设备,名称与产品机制可核验；具体 SPL、窗口、阈值和权重未公开
60,认证与登录行为异常,UEBA - Brute Force Access Logon Type Per User by Company - Rule,按登录类型发现暴力破解,用户,公司同伴组,失败登录量及次数,爆破检测,Windows Security；Authentication,发现特定登录方式的口令爆破,名称与产品机制可核验；具体 SPL、窗口、阈值和权重未公开
61,认证与登录行为异常,UEBA - Brute Force Access Logon Type Per User by Business Unit - Rule,按登录类型发现暴力破解,用户,业务单元同伴组,失败登录量及次数,爆破检测,Windows Security；Authentication,发现特定登录方式的口令爆破,名称与产品机制可核验；具体 SPL、窗口、阈值和权重未公开
62,认证与登录行为异常,UEBA - Brute Force Access Logon Type Per User - Rule,按登录类型发现暴力破解（用户）,用户,实体个人历史/规则范围,失败登录量及次数,爆破检测,Windows Security；Authentication,发现特定登录方式的口令爆破,名称与产品机制可核验；具体 SPL、窗口、阈值和权重未公开
63,认证与登录行为异常,UEBA - Brute Force Access Behavior Per User by Company - Rule,暴力破解访问行为,用户,公司同伴组,失败登录次数及失败后原因/后续成功,爆破检测,Windows Security；Authentication,发现口令爆破和密码喷洒,名称与产品机制可核验；具体 SPL、窗口、阈值和权重未公开
64,认证与登录行为异常,UEBA - Brute Force Access Behavior Per User by Business Unit - Rule,暴力破解访问行为,用户,业务单元同伴组,失败登录次数及失败后原因/后续成功,爆破检测,Windows Security；Authentication,发现口令爆破和密码喷洒,名称与产品机制可核验；具体 SPL、窗口、阈值和权重未公开
65,认证与登录行为异常,UEBA - Brute Force Access Behavior Per User - Rule,暴力破解访问行为（用户）,用户,实体个人历史/规则范围,失败登录次数及失败后原因/后续成功,爆破检测,Windows Security；Authentication,发现口令爆破和密码喷洒,名称与产品机制可核验；具体 SPL、窗口、阈值和权重未公开
66,认证与登录行为异常,UEBA - Brute Force Access Behavior Per Device By Company - Rule,暴力破解访问行为（设备，公司同伴组）,设备,公司同伴组,失败登录次数及失败后原因/后续成功,爆破检测,Windows Security；Authentication,发现口令爆破和密码喷洒,名称与产品机制可核验；具体 SPL、窗口、阈值和权重未公开
67,认证与登录行为异常,UEBA - Brute Force Access Behavior Per Device By Business Unit - Rule,暴力破解访问行为（设备，业务单元同伴组）,设备,业务单元同伴组,失败登录次数及失败后原因/后续成功,爆破检测,Windows Security；Authentication,发现口令爆破和密码喷洒,名称与产品机制可核验；具体 SPL、窗口、阈值和权重未公开
68,认证与登录行为异常,UEBA - Brute Force Access Behavior Per Device - Rule,暴力破解访问行为（设备）,设备,实体个人历史/规则范围,失败登录次数及失败后原因/后续成功,爆破检测,Windows Security；Authentication,发现口令爆破和密码喷洒,名称与产品机制可核验；具体 SPL、窗口、阈值和权重未公开
69,打印行为异常,UEBA - Unusual Volume of Print per Device by Business Unit - Rule,打印作业数量异常（设备，业务单元同伴组）,设备,业务单元同伴组,打印作业数,统计基线,Windows PrintService；Endpoint/Change,发现批量打印和潜在纸质泄密,名称与产品机制可核验；具体 SPL、窗口、阈值和权重未公开
70,打印行为异常,UEBA - Unusual Volume of Data Transmitted to Printer per Device by Business Unit - Rule,传输至打印机的数据量异常（设备，业务单元同伴组）,设备,业务单元同伴组,打印传输字节数,统计基线,Windows PrintService；Endpoint/Change,发现大批量打印和潜在纸质泄密,名称与产品机制可核验；具体 SPL、窗口、阈值和权重未公开
71,打印行为异常,UEBA - Unusual Volume of Print Per User By Business Unit- Rule,打印作业数量异常（用户，业务单元同伴组）,用户,业务单元同伴组,打印作业数,统计基线,Windows PrintService；Endpoint/Change,发现批量打印和潜在纸质泄密,名称与产品机制可核验；具体 SPL、窗口、阈值和权重未公开
72,打印行为异常,UEBA - Unusual Volume of Data Transmitted To Printer Per User By Business Unit- Rule,传输至打印机的数据量异常（用户，业务单元同伴组）,用户,业务单元同伴组,打印传输字节数,统计基线,Windows PrintService；Endpoint/Change,发现大批量打印和潜在纸质泄密,名称与产品机制可核验；具体 SPL、窗口、阈值和权重未公开
73,打印行为异常,UEBA - Unusual Volume of Print per Printer by Business Unit- Rule,打印作业数量异常（打印机，业务单元同伴组）,打印机,业务单元同伴组,打印作业数,统计基线,Windows PrintService；Endpoint/Change,发现批量打印和潜在纸质泄密,名称与产品机制可核验；具体 SPL、窗口、阈值和权重未公开
74,打印行为异常,UEBA - Unusual Volume of Data Transmitted to Printer per Printer by Business Unit- Rule,传输至打印机的数据量异常（打印机，业务单元同伴组）,打印机,业务单元同伴组,打印传输字节数,统计基线,Windows PrintService；Endpoint/Change,发现大批量打印和潜在纸质泄密,名称与产品机制可核验；具体 SPL、窗口、阈值和权重未公开
75,打印行为异常,UEBA - Unusual Volume of Print per User by Company - Rule,打印作业数量异常（用户，公司同伴组）,用户,公司同伴组,打印作业数,统计基线,Windows PrintService；Endpoint/Change,发现批量打印和潜在纸质泄密,名称与产品机制可核验；具体 SPL、窗口、阈值和权重未公开
76,打印行为异常,UEBA - Unusual Volume of Print per User - Rule,打印作业数量异常（用户）,用户,实体个人历史/规则范围,打印作业数,统计基线,Windows PrintService；Endpoint/Change,发现批量打印和潜在纸质泄密,名称与产品机制可核验；具体 SPL、窗口、阈值和权重未公开
77,打印行为异常,UEBA - Unusual Volume of Print per Printer by Company - Rule,打印作业数量异常（打印机，公司同伴组）,打印机,公司同伴组,打印作业数,统计基线,Windows PrintService；Endpoint/Change,发现批量打印和潜在纸质泄密,名称与产品机制可核验；具体 SPL、窗口、阈值和权重未公开
78,打印行为异常,UEBA - Unusual Volume of Print per Printer - Rule,打印作业数量异常（打印机）,打印机,实体个人历史/规则范围,打印作业数,统计基线,Windows PrintService；Endpoint/Change,发现批量打印和潜在纸质泄密,名称与产品机制可核验；具体 SPL、窗口、阈值和权重未公开
79,打印行为异常,UEBA - Unusual Volume of Print per Device by Company - Rule,打印作业数量异常（设备，公司同伴组）,设备,公司同伴组,打印作业数,统计基线,Windows PrintService；Endpoint/Change,发现批量打印和潜在纸质泄密,名称与产品机制可核验；具体 SPL、窗口、阈值和权重未公开
80,打印行为异常,UEBA - Unusual Volume of Print per Device - Rule,打印作业数量异常（设备）,设备,实体个人历史/规则范围,打印作业数,统计基线,Windows PrintService；Endpoint/Change,发现批量打印和潜在纸质泄密,名称与产品机制可核验；具体 SPL、窗口、阈值和权重未公开
81,打印行为异常,UEBA - Unusual Volume of Print at Unusual Time per User by Company - Rule,异常时段大量打印（用户，公司同伴组）,用户,公司同伴组,打印量与打印时段,量值与时间基线,Windows PrintService；Endpoint/Change,发现非工作时间批量打印和潜在泄密,名称与产品机制可核验；具体 SPL、窗口、阈值和权重未公开
82,打印行为异常,UEBA - Unusual Volume of Print at Unusual Time per Printer by Company - Rule,异常时段大量打印（打印机，公司同伴组）,打印机,公司同伴组,打印量与打印时段,量值与时间基线,Windows PrintService；Endpoint/Change,发现非工作时间批量打印和潜在泄密,名称与产品机制可核验；具体 SPL、窗口、阈值和权重未公开
83,打印行为异常,UEBA - Unusual Volume of Print at Unusual Time per Device by Company - Rule,异常时段大量打印（设备，公司同伴组）,设备,公司同伴组,打印量与打印时段,量值与时间基线,Windows PrintService；Endpoint/Change,发现非工作时间批量打印和潜在泄密,名称与产品机制可核验；具体 SPL、窗口、阈值和权重未公开
84,打印行为异常,UEBA - Unusual Volume of Data Transmitted to Printer per User by Company - Rule,传输至打印机的数据量异常（用户，公司同伴组）,用户,公司同伴组,打印传输字节数,统计基线,Windows PrintService；Endpoint/Change,发现大批量打印和潜在纸质泄密,名称与产品机制可核验；具体 SPL、窗口、阈值和权重未公开
85,打印行为异常,UEBA - Unusual Volume of Data Transmitted to Printer per User - Rule,传输至打印机的数据量异常（用户）,用户,实体个人历史/规则范围,打印传输字节数,统计基线,Windows PrintService；Endpoint/Change,发现大批量打印和潜在纸质泄密,名称与产品机制可核验；具体 SPL、窗口、阈值和权重未公开
86,打印行为异常,UEBA - Unusual Volume of Data Transmitted to Printer per Printer by Company - Rule,传输至打印机的数据量异常（打印机，公司同伴组）,打印机,公司同伴组,打印传输字节数,统计基线,Windows PrintService；Endpoint/Change,发现大批量打印和潜在纸质泄密,名称与产品机制可核验；具体 SPL、窗口、阈值和权重未公开
87,打印行为异常,UEBA - Unusual Volume of Data Transmitted to Printer per Printer - Rule,传输至打印机的数据量异常（打印机）,打印机,实体个人历史/规则范围,打印传输字节数,统计基线,Windows PrintService；Endpoint/Change,发现大批量打印和潜在纸质泄密,名称与产品机制可核验；具体 SPL、窗口、阈值和权重未公开
88,打印行为异常,UEBA - Unusual Volume of Data Transmitted to Printer per Device by Company - Rule,传输至打印机的数据量异常（设备，公司同伴组）,设备,公司同伴组,打印传输字节数,统计基线,Windows PrintService；Endpoint/Change,发现大批量打印和潜在纸质泄密,名称与产品机制可核验；具体 SPL、窗口、阈值和权重未公开
89,打印行为异常,UEBA - Unusual Volume of Data Transmitted to Printer per Device - Rule,传输至打印机的数据量异常（设备）,设备,实体个人历史/规则范围,打印传输字节数,统计基线,Windows PrintService；Endpoint/Change,发现大批量打印和潜在纸质泄密,名称与产品机制可核验；具体 SPL、窗口、阈值和权重未公开
90,打印行为异常,UEBA - Unusual Print Time per User - Rule,打印时间异常（用户）,用户,实体个人历史/规则范围,打印发生时段,时间基线,Windows PrintService；Endpoint/Change,发现深夜、周末等非惯常打印,名称与产品机制可核验；具体 SPL、窗口、阈值和权重未公开
91,打印行为异常,UEBA - Unusual Print Time per Printer - Rule,打印时间异常（打印机）,打印机,实体个人历史/规则范围,打印发生时段,时间基线,Windows PrintService；Endpoint/Change,发现深夜、周末等非惯常打印,名称与产品机制可核验；具体 SPL、窗口、阈值和权重未公开
92,打印行为异常,UEBA - Unusual Print Time per Device - Rule,打印时间异常（设备）,设备,实体个人历史/规则范围,打印发生时段,时间基线,Windows PrintService；Endpoint/Change,发现深夜、周末等非惯常打印,名称与产品机制可核验；具体 SPL、窗口、阈值和权重未公开
93,USB 外设行为异常,UEBA - Unusual Volume Of USB Denies Per User By Company - Rule,USB 拒绝事件数量异常（用户，公司同伴组）,用户,公司同伴组,USB 策略拒绝次数,统计基线,Endpoint/USB/DLP；Endpoint/Change,发现反复尝试使用受限 USB,名称与产品机制可核验；具体 SPL、窗口、阈值和权重未公开
94,USB 外设行为异常,UEBA - Unusual Volume Of USB Denies Per User - Rule,USB 拒绝事件数量异常（用户）,用户,实体个人历史/规则范围,USB 策略拒绝次数,统计基线,Endpoint/USB/DLP；Endpoint/Change,发现反复尝试使用受限 USB,名称与产品机制可核验；具体 SPL、窗口、阈值和权重未公开
95,USB 外设行为异常,UEBA - Unusual Volume Of File Operations To USB Per User By Company - Rule,针对 USB 的文件操作量异常（用户，公司同伴组）,用户,公司同伴组,USB 文件操作次数,统计基线,Endpoint/USB/DLP；Endpoint/Change,发现批量复制或移动文件到 USB,名称与产品机制可核验；具体 SPL、窗口、阈值和权重未公开
96,USB 外设行为异常,UEBA - Unusual Volume Of File Operations To USB Per User - Rule,针对 USB 的文件操作量异常（用户）,用户,实体个人历史/规则范围,USB 文件操作次数,统计基线,Endpoint/USB/DLP；Endpoint/Change,发现批量复制或移动文件到 USB,名称与产品机制可核验；具体 SPL、窗口、阈值和权重未公开
97,USB 外设行为异常,UEBA - Unusual Volume Of Bytes Written To USB Per User By Company - Rule,写入 USB 的数据量异常（用户，公司同伴组）,用户,公司同伴组,写入 USB 字节数,统计基线,Endpoint/USB/DLP；Endpoint/Change,发现通过 USB 大规模外拷数据,名称与产品机制可核验；具体 SPL、窗口、阈值和权重未公开
98,USB 外设行为异常,UEBA - Unusual Volume Of Bytes Written To USB Per User - Rule,写入 USB 的数据量异常（用户）,用户,实体个人历史/规则范围,写入 USB 字节数,统计基线,Endpoint/USB/DLP；Endpoint/Change,发现通过 USB 大规模外拷数据,名称与产品机制可核验；具体 SPL、窗口、阈值和权重未公开
99,USB 外设行为异常,UEBA - Unusual Volume Of Bytes Read From USB Per User By Company - Rule,从 USB 读取的数据量异常（用户，公司同伴组）,用户,公司同伴组,从 USB 读取字节数,统计基线,Endpoint/USB/DLP；Endpoint/Change,发现通过 USB 大规模导入文件,名称与产品机制可核验；具体 SPL、窗口、阈值和权重未公开
100,USB 外设行为异常,UEBA - Unusual Volume Of Bytes Read From USB Per User - Rule,从 USB 读取的数据量异常（用户）,用户,实体个人历史/规则范围,从 USB 读取字节数,统计基线,Endpoint/USB/DLP；Endpoint/Change,发现通过 USB 大规模导入文件,名称与产品机制可核验；具体 SPL、窗口、阈值和权重未公开
101,邮件外发与 DLP 异常,UEBA - Email over 5 MB Sent to Personal Email - Rule,向个人邮箱发送超过 5 MB 的邮件,用户,固定规则/关联范围,邮件大小、收件域,固定规则,邮件网关/DLP；Email,发现向个人邮箱大文件外发,名称与产品机制可核验；具体 SPL、窗口、阈值和权重未公开
102,邮件外发与 DLP 异常,UEBA - Email Sent to Personal Email with Privacy Keywords - Rule,包含隐私关键词的邮件发送至个人邮箱,用户,固定规则/关联范围,收件域、隐私关键词,固定规则,邮件网关/DLP；Email,发现敏感内容通过个人邮箱外发,名称与产品机制可核验；具体 SPL、窗口、阈值和权重未公开
103,邮件外发与 DLP 异常,UEBA - Email Sent to Personal Email with Attachment - Rule,带附件的邮件发送至个人邮箱,用户,固定规则/关联范围,收件域、附件,固定规则,邮件网关/DLP；Email,发现附件通过个人邮箱外发,名称与产品机制可核验；具体 SPL、窗口、阈值和权重未公开
104,邮件外发与 DLP 异常,UEBA - Email Sent to Personal Email Using Same Alias - Rule,使用相同别名向个人邮箱发送邮件,用户,固定规则/关联范围,企业邮箱与个人邮箱别名相似度,固定规则,邮件网关；Email,发现用户向自己的个人邮箱转发数据,名称与产品机制可核验；具体 SPL、窗口、阈值和权重未公开
105,邮件外发与 DLP 异常,UEBA - Email Sent to Disposable Email Provider - Rule,向一次性邮箱服务商发送邮件,用户,固定规则/关联范围,收件域名单,名单规则,邮件网关；Email,发现向临时邮箱外发数据,名称与产品机制可核验；具体 SPL、窗口、阈值和权重未公开
106,邮件外发与 DLP 异常,UEBA - Large Office 365 Message Flagged by DLP Policy - Rule,被 DLP 策略标记的 Office 365 大邮件,用户,固定规则/关联范围,DLP 命中与邮件大小,组合规则,Office 365/DLP；Email,发现大体积敏感邮件外发,名称与产品机制可核验；具体 SPL、窗口、阈值和权重未公开
107,邮件外发与 DLP 异常,UEBA - Office 365 DLP Policy Violations Allowed - Rule,被允许通过的 Office 365 DLP 策略违规,用户,固定规则/关联范围,DLP 违规与允许/绕过动作,组合规则,Office 365/DLP；Email,发现 DLP 命中后仍被放行或绕过,名称与产品机制可核验；具体 SPL、窗口、阈值和权重未公开
108,账号管理与日志篡改异常,UEBA - Windows Event Log Cleared - Rule,Windows 事件日志被清除,用户/设备,固定规则/关联范围,日志清除事件,确定性规则,Windows Security；Change,发现攻击者清理审计证据,名称与产品机制可核验；具体 SPL、窗口、阈值和权重未公开
109,账号管理与日志篡改异常,UEBA - Short Lived Windows Accounts - Rule,短生命周期 Windows 账号,账号,固定规则/关联范围,账号创建后短时间删除/禁用,时序规则,Windows Security；Change,发现临时后门账号及痕迹清理,名称与产品机制可核验；具体 SPL、窗口、阈值和权重未公开
110,账号管理与日志篡改异常,UEBA - Password Policy Circumvention - Rule,规避密码策略,账号/用户,固定规则/关联范围,密码或账号管理事件组合,确定性/时序规则,Windows Security；Change、Authentication,发现密码策略绕过和异常重置,名称与产品机制可核验；具体 SPL、窗口、阈值和权重未公开
111,账号管理与日志篡改异常,UEBA - Member Added Removed In Short Span Universal Groups - Rule,通用组成员短时间内加入后移除,用户/组,固定规则/关联范围,通用组成员变更序列,时序规则,Windows Security；Change,发现短时提权后清理成员关系,名称与产品机制可核验；具体 SPL、窗口、阈值和权重未公开
112,账号管理与日志篡改异常,UEBA - Member Added Removed In Short Span Global Groups - Rule,全局组成员短时间内加入后移除,用户/组,固定规则/关联范围,全局组成员变更序列,时序规则,Windows Security；Change,发现短时提权后清理成员关系,名称与产品机制可核验；具体 SPL、窗口、阈值和权重未公开
113,HTTP / Web 代理访问异常,UEBA - Http Unusual Traffic to Anonymizing Sites - Rule,访问匿名代理站点的 HTTP 流量异常,用户/设备,实体历史及规则范围,匿名代理站点类别与流量,名单与统计基线,HTTP/代理；Web,发现匿名代理、规避审计或隐蔽外联,名称与产品机制可核验；具体 SPL、窗口、阈值和权重未公开
114,HTTP / Web 代理访问异常,UEBA - Http Unusual Job Search Activity - Rule,HTTP 求职网站活动异常,用户,固定规则/关联范围,求职站点访问频率,类别与统计规则,HTTP/代理；Web,发现潜在离职风险信号,名称与产品机制可核验；具体 SPL、窗口、阈值和权重未公开
115,HTTP / Web 代理访问异常,UEBA - Http Suspicious Domain File Download - Rule,从可疑域名下载文件,用户/设备,固定规则/关联范围,可疑域名与文件下载,名单与组合规则,HTTP/代理；Web,发现恶意载荷或工具下载,名称与产品机制可核验；具体 SPL、窗口、阈值和权重未公开
116,HTTP / Web 代理访问异常,UEBA - Http Excessive Transfer to Storage Site - Rule,向存储站点大量传输数据,用户/设备,实体历史及规则范围,存储站点类别与传输量,名单与统计基线,HTTP/代理；Web,发现借助云盘或存储站点外传数据,名称与产品机制可核验；具体 SPL、窗口、阈值和权重未公开
117,主机失陷关联检测,UEBA - Compromised Windows Host Correlation - Rule,Windows 主机失陷关联检测,设备,固定规则/关联范围,多个主机安全信号,关联检测,Windows/Endpoint/External Alarm,关联多种迹象判断 Windows 主机失陷,名称与产品机制可核验；具体 SPL、窗口、阈值和权重未公开
118,主机失陷关联检测,UEBA - Compromised Linux Host Correlation - Rule,Linux 主机失陷关联检测,设备,固定规则/关联范围,多个主机安全信号,关联检测,Linux auditd/Endpoint/External Alarm,关联多种迹象判断 Linux 主机失陷,名称与产品机制可核验；具体 SPL、窗口、阈值和权重未公开
119,主机失陷关联检测,UEBA - AWS Compromised Account - Rule,AWS 账号失陷检测,账号/用户,固定规则/关联范围,AWS 账号的异常活动组合,关联检测,AWS CloudTrail；Cloud/Authentication,发现云账号被盗用或权限滥用,名称与产品机制可核验；具体 SPL、窗口、阈值和权重未公开
